000,06,10,100,1000,11,12,120,128,13,130,14,144,15,150,16,160,17,18,180
0.1763701568568873,0.05290964959079634,0.07660856406400161,-0.0329908994301671,0.009637529971619518,0.04428367172620773,0.1717660524786196,-0.040974314987428956,-0.011880953982278966,0.09221641661828991,-0.0997461927645752,0.016236308539400706,-0.1088690229057665,-0.008809061962455459,-0.03233452321672986,-0.016787904188286344,0.09228649073443909,0.0665823488035781,-0.07187114936440504,0.010036941785018967
0.09002480858507184,-0.014862791718307242,0.052308301812223276,-0.18177894240166007,-0.051160910057078,0.03802018344313187,-0.027791094558183835,0.04951407467298082,-0.15008997021312617,-0.031985236943561014,-0.018475003972801746,-0.05704247341321703,0.0074866217418582785,0.04213873622849182,0.026547711869437673,-0.04995325977382226,0.03893724784642777,-0.029264638395937997,0.008767525154565189,0.04703189704822274
0.20429823713249864,-0.08154166261627563,0.015830423069868458,0.06519386876102023,-0.1508570179645818,0.03861873378596361,0.0825598477783222,0.028365113861376728,0.008578731344090583,-0.010175113680159966,-0.04161653568138551,-0.027875443061694823,0.01607054311106644,-0.008485818082287048,-0.045412979240964664,0.05925935776986298,-0.032582800163649256,-0.020529941387618544,0.016981973310973092,0.026624162331737942
0.19023501127618017,-0.07690508727746714,0.033310821715972765,0.06065689547179197,-0.20089323942172194,0.043999738491387816,0.06199563346921396,0.07862182027015314,-0.06464887471338565,-0.0313351647920783,-0.029389205091919415,0.028371085425629487,-0.02623574669452886,-0.015992675034246003,-0.17404319882650604,0.003924424705484567,-0.24255646931007016,0.05629229171605308,-0.13115547648289375,0.03303104970786515
0.2507549936270787,-0.13892063791698586,-0.10915029628295043,-0.019806908635029576,0.11099510770033764,0.012761670774483232,0.00015014858900748454,-0.012642617390139301,-0.12211347103835238,-0.016154663278523784,0.10625327302447451,0.08110131219195692,0.012404242486268325,-0.04277026423460443,-0.10561594645863917,-0.07574375921275771,-0.04530519915394136,0.006748004512494682,0.0147927690755834,-0.06848609021334202
0.2674969903617891,0.15032237814994573,0.3522076026233817,0.09198701524881872,0.26712616810132256,0.12411899501686877,0.07636116361223841,0.0841979645117605,0.028557229116500722,-0.10060700222716411,-0.10938113271472005,-0.035642568013224185,0.004710323238022577,0.02107299137773696,-0.07063127548805868,-0.07991266998325156,0.027362643326917922,0.06877086525112913,-0.05971029073237408,-0.0019738320026735654
0.2274034844293677,0.03252318177528732,0.16919963636094443,-0.018646477036167924,0.13832820945141774,0.0438774474190264,-0.006414078710124149,-0.16463147473465078,-0.016032969373613978,0.02544363161343109,0.08219861683488393,0.01860729028017483,-0.10138789289978452,-0.08175942608110195,0.02628450572808363,-0.07393935065466885,0.006990508504547426,0.014745169541970282,0.1036538254532589,0.15775184685631027
0.2995841926137759,0.32231246617134246,0.15037546596375356,0.012821451199510081,0.1588214122913845,0.09405322052182612,-0.0004294779035253684,-0.2575114903543681,-0.012150173323753307,-0.09175357818498499,-0.10789538080965863,-0.09452137644607067,-0.060171584373158435,-0.014940885437873867,-0.1544010053647818,0.05773298567426118,0.19455481895600937,0.060817615587184466,-0.07176152847165862,-0.1672071075256418
0.15031867659894171,-0.04756135919796222,0.003843772637447199,-0.050793532454164375,-0.009465372055592981,-0.004768693648216302,0.03554882925945473,-0.01928068161757162,-0.0447987728148293,-0.001319998842118294,-0.006715362915169476,0.030153246685821342,-0.004659804708135985,-0.027092729062946845,-0.002540911351600414,0.008824185691619663,-0.025887671949906165,0.0192477830749093,0.008998227378944856,0.040243955931205305
0.14623095080516796,-0.020771305518354134,0.071210210255254,0.027899537948983314,-0.09484269304858389,-0.12205915916457746,-0.05199150106337884,0.020573794936603607,-0.044497549668239905,0.042111701653696355,0.10990775033536286,0.03810584976318033,-0.07777100730266545,0.040045458179911696,-0.03163608094469396,0.21794353225612123,0.18422951136245952,-0.12699744804575244,-0.09381252978290637,0.071216344519701
0.35105539461016355,-0.24114951366105333,-0.19796368502232775,0.07501299880872006,0.16867947755956542,0.03427827339449221,-0.02651556163326175,0.029673538624515543,-0.04700737820444418,0.03340923954979607,0.056622433068351706,0.01708530504743102,0.04414692535528461,0.06757278737849468,-0.09327126359809781,0.03191819300371489,0.010206084699998699,0.011864300391150434,-4.125982719127032e-05,-0.027524495665105595
0.28577216745185524,0.09205888955588874,0.1467898177024753,-0.014458573543903942,0.035310195646194184,-0.02957122717349667,-0.03657865452629024,-0.25979454407119024,-0.05780493671947831,0.028537903343783817,0.08507335972592611,0.01409431051264128,-0.10492974712680422,-0.01617963787082341,0.021839519887192814,0.04889803594077567,0.08621816180470608,0.04721937341810335,0.10945783868858898,-0.05522199650423983
0.14680504562203484,-0.014869817388882895,0.05291995860721706,-0.12396461208927134,-0.027957275499313095,0.011918961336105406,-0.029727099297222732,-0.005204756175651756,-0.14041826719821685,-0.011707812954108053,-0.008594202269973492,0.002846557183695801,0.04138144053340004,0.039274909106738455,-0.003052985730981137,-0.0696549230692258,0.05499605814013631,-0.03266949861393187,0.01979741519875447,0.07163659396725432
0.17034254574782193,-0.044134217551029274,-0.006398680291749645,0.00530082884839105,0.050599395224977244,-0.020285033952112463,0.02768610415211832,-0.07916867785595759,-0.060259501748964155,-0.005695468406722954,0.09206032683155996,0.044047493699136415,-0.08001525001628373,-0.06983071643508598,0.0018081341716753554,-0.04665364089525969,-0.04090729148185095,-0.0004150722343975842,-0.0049971960075346775,-0.05084077064251719
0.1778469030030122,-0.07040762736757719,0.02756015020856811,0.032745328726198335,-0.19970448923105974,0.04609318985847992,0.10965144892609993,0.08167731930974545,-0.050802416775298675,-0.02111342440416255,-0.031182951141428893,0.026861094889177813,-0.03705490653099038,-0.040522566226110106,-0.204281356238317,0.012646116952604286,-0.26265314819972085,0.05388659390223405,-0.15274936986905577,0.018285517735567677
0.1765262288416997,0.06759789066546325,0.09125761559687513,-0.00937792762469067,0.03136436724350133,0.016882733148707342,0.024742256437257,-0.27507768729129584,-0.02177767796978298,0.005397901794409791,0.03386907927430645,-0.14878102258090886,-0.06336831065359376,-0.11323271514410654,-0.03032589168849421,0.00011950375335131148,-0.00536152455559641,0.06029186290149394,0.1166288377079736,-0.04454511010050566
0.2980647952400546,-0.08030173744953299,0.07098503299438227,0.13884494346690981,-0.26378717566815685,0.09721796032297086,-0.01744089187561085,0.03394542358113556,-0.014028681606494618,-0.07580400701649895,-0.0026505170208944474,-0.01773751244741688,-0.020163772922656583,-0.017187521987077955,-0.10974386530988554,0.1457193986758736,-0.12640315502772081,0.036248716147355864,-0.08432331959060282,0.060114692260841124
0.2578470758115725,-0.21013033263141384,-0.22759979060184282,-0.007265940581191961,0.24008928048356368,0.09481991996741691,-0.029772822208001693,0.04682514965690652,-0.13963690178826074,0.06034273204515745,0.1293970461500878,0.07395881759855362,0.09836700909671756,0.0726873885094489,-0.20838849506975662,-0.007977735743451628,0.03681116434825678,-0.009570290635860668,-0.011405307613559167,-0.06488518320516694
0.2554999590490399,-0.07773687244244995,0.012360174048672077,-0.2546545172601789,0.005028037995016029,0.08322393888846832,-0.04127804048178441,0.008439989776293079,0.08933500917009288,0.0558847599920602,-0.004147394350795168,0.04083488020177174,0.04379558867563555,0.03346493899013768,-0.06803623609242042,0.023700631028780613,-0.023497380911826016,-0.030025546122817996,0.0006640509239173131,0.009548843883582136
0.3396054656109868,-0.2196603450651271,-0.18997778512863192,0.0071295646747436894,0.19067555528402091,-0.08378193414840426,-0.0008363947638360145,0.01710532507129036,-0.05101939589721803,-0.0402308108288394,-0.012809287856357205,0.010534239956041299,-0.004632309101668065,0.041567236262034825,-0.03921086823512145,0.11175819754944215,-0.0449996646913369,0.14106520559952565,0.014433680636058896,0.027239863891315306
0.34376327345510854,-0.12582591149278533,0.07155648918433506,0.157479943594284,-0.25175531281592495,0.08458917820845391,-0.08093858173479505,0.04225509997720656,-0.037376293239236705,-0.09904795740019541,-0.005082886285412325,0.012807937538624605,-0.028628460282568928,0.02735550741519456,-0.02650108495707982,0.03733158586596056,-0.019527582729841293,0.012402855052773538,-0.015206650585532114,0.0035424404040096335
0.1400072574885878,0.0033438374348292834,0.053590629060994106,-0.006986184278158407,-0.012346973577132296,-0.023975622622444306,0.023140362407551344,-0.10022251051035176,-0.07942175870124886,-0.015147704829802808,0.03261673351114686,0.04206735404456071,-0.05354448937322414,-0.0804397250064855,-0.045153357237971606,-0.07982065594288716,-0.0938819399209564,0.004509723979499187,0.015039464948788425,0.04882372904975346
0.28681891260103753,-0.09020389825971531,0.05241661022768944,0.08576749593490625,-0.19056112093644068,-0.04945484410907128,0.025711883799394458,0.04051665822887571,0.0017954141556341624,-0.01311179108178199,-0.07732279826106686,0.002082186085929677,-0.04990704613936048,-0.045563012787393456,-0.06483002124247234,0.0988399012528318,-0.0064045726005472715,-0.04419247310532589,-0.028128242011776095,0.04413126980152362
0.278889523177914,0.2093085791236072,-0.08786345028361368,-0.010524795110350283,-0.01666787788974914,-0.02985722157949123,0.07041121953825832,-0.01710727182748887,-0.046290575122542345,0.040999472954559496,0.04939079443821611,0.01500561790856581,-0.1089209595415797,-0.036666276524312744,0.05828306453014715,0.005749803456842146,-0.05432121905871628,0.0007987978648682739,-0.03256431067033328,-0.12447640722476618
0.2720004327159501,0.48002554765004585,-0.17222075074759166,-0.00027219752884021127,-0.011613344042213326,0.014496122693916971,-0.010573199026183476,-0.024125500425912518,-0.001450579889013118,0.03798736172551359,0.028905261400293755,-0.0010618436327389643,-0.06069053586781364,0.007929326832486289,0.03157583165637722,0.023016773434025955,0.014367472140057711,0.06063553951311444,0.057760636552936506,-0.18969479016024554
0.16443958164798522,-0.05761711527710298,0.0640412549124668,-0.4263398476810717,-0.061170469441149754,0.11718685695704627,-0.0792900306907802,0.17688007075481782,-0.18905660201117355,-0.05664695678422874,0.0012149128184490098,-0.12094351987813025,-0.05103696238043985,0.060285220937106976,0.04441927665084854,-0.02781706039874778,0.04142815826579159,-0.009908749483008374,0.04049302052833922,-0.0022695941937544415
0.4517306929685102,0.6016859357441462,-0.23813024048459272,-0.0005027842803838527,-0.04873541996797026,0.002822049737220213,-0.04444423687473826,0.055651657988101025,-0.02240167176681815,0.04637835637178271,0.027116859515959272,0.054617079268551236,-0.01421991612454634,0.04903780994644546,0.03484609536016264,-0.03705398979234252,-0.011187024412774181,0.038812704951709256,-0.01111080514604335,-0.023307783298737176
0.3356785640255789,-0.18261559811969189,-0.1293355425269764,-0.0407268154666515,0.13695333359100903,0.057477882498840595,0.007640146668567204,0.007936099559643216,-0.010334058913786191,0.06125886054808733,0.026767240533477475,0.031761868082960734,0.09606295109999699,0.049271954887759234,-0.05335802977474347,0.018374060498377746,0.05041189045197464,0.012333494161705925,0.014611466109210379,0.033034366108999215
0.14378294196381955,-0.020056864659106097,0.019893786053199705,-0.05059506336192039,0.023423061508024968,0.02161510393154987,-0.015689897303236344,-0.05995858301410394,-0.022103339495281926,0.029675025155605092,0.011313872315980793,0.04705603668637072,0.023058832542161747,0.035974003215177894,-0.0005417687722256664,-0.011234571240245786,0.01567441400017699,-0.0077343428136773164,0.01605643742486585,0.05386365796898851
0.16188081371065777,-0.047966136713397826,0.043089350248140645,-0.13257435953328156,-0.04978088906756233,0.0970272378080655,-0.03651732513673439,-0.05643461851996991,-0.1206584204119147,0.06263042418556512,-0.0942123402426671,0.25976302302488374,0.27273880213069146,-0.18921435692871771,0.15428072997931047,0.037343762445867686,0.06690819404270627,0.003570775687136479,-0.09084619042703024,-0.015221897505590625
